<?xml version="1.0" encoding="UTF-8"?>
<project-private xmlns="http://www.netbeans.org/ns/project-private/1">
    <editor-bookmarks xmlns="http://www.netbeans.org/ns/editor-bookmarks/2" lastBookmarkId="0"/>
    <open-files xmlns="http://www.netbeans.org/ns/projectui-open-files/2">
        <group>
            <file>file:/C:/Users/DELL/Documents/NetBeansProjects/aplikasi_kasir/src/aplikasi_kasir/login.java</file>
            <file>file:/C:/Users/DELL/Documents/NetBeansProjects/aplikasi_kasir/src/aplikasi_kasir/managemenu.java</file>
            <file>file:/C:/Users/DELL/Documents/NetBeansProjects/aplikasi_kasir/src/aplikasi_kasir/Catatan_transaksi.java</file>
            <file>file:/C:/Users/DELL/Documents/NetBeansProjects/aplikasi_kasir/src/aplikasi_kasir/Order.java</file>
            <file>file:/C:/Users/DELL/Documents/NetBeansProjects/aplikasi_kasir/src/aplikasi_kasir/FromManager.java</file>
            <file>file:/C:/Users/DELL/Documents/NetBeansProjects/aplikasi_kasir/src/aplikasi_kasir/Laporan_transaksi_kasir.java</file>
            <file>file:/C:/Users/DELL/Documents/NetBeansProjects/aplikasi_kasir/src/aplikasi_kasir/Laporan_transaksi.java</file>
        </group>
    </open-files>
</project-private>
